batch_start,batch_end,records,latency_seconds,throughput_records_per_second,detected_attacks
0,1000,1000,0.036341190338134766,27516.985291223282,999
1000,2000,1000,0.05477261543273926,18257.298690218646,1000
2000,3000,1000,0.03983473777770996,25103.71740314462,998
3000,4000,1000,0.03560280799865723,28087.672186916137,999
4000,5000,1000,0.0385587215423584,25934.469816419027,997
5000,6000,1000,0.03869366645812988,25844.022847565822,997
6000,7000,1000,0.03952336311340332,25301.490592557293,999
7000,8000,1000,0.03894758224487305,25675.534715165464,999
8000,9000,1000,0.038172006607055664,26197.20808219606,1000
9000,10000,1000,0.03731656074523926,26797.753598650626,1000
10000,11000,1000,0.041617393493652344,24028.41494993011,999
11000,12000,1000,0.03771233558654785,26516.522629712283,997
12000,13000,1000,0.038092613220214844,26251.8088275793,998
13000,14000,1000,0.04085230827331543,24478.420981983927,1000
14000,15000,1000,0.04299306869506836,23259.56323547353,999
15000,16000,1000,0.04260587692260742,23470.940448344172,999
16000,17000,1000,0.04710817337036133,21227.73880740538,999
17000,18000,1000,0.04851841926574707,20610.729185605967,1000
18000,19000,1000,0.041542768478393555,24071.578198263345,1000
19000,20000,1000,0.04188704490661621,23873.729985713228,999
20000,21000,1000,0.041559696197509766,24061.773581008983,999
21000,22000,1000,0.042235612869262695,23676.701533737138,999
22000,23000,1000,0.04407954216003418,22686.261040766323,1000
23000,24000,1000,0.042702436447143555,23417.86753169893,999
24000,25000,1000,0.04247570037841797,23542.87253867397,1000
25000,26000,1000,0.04153728485107422,24074.756055561935,1000
26000,27000,1000,0.04227304458618164,23655.73641049936,998
27000,28000,1000,0.04202985763549805,23792.609736450995,998
28000,29000,1000,0.03905510902404785,25604.84466665446,998
29000,30000,1000,0.04263114929199219,23457.0265312514,1000
30000,31000,1000,0.04427289962768555,22587.18106131593,1000
31000,32000,1000,0.04219555854797363,23699.176747786485,998
32000,33000,1000,0.0423276424407959,23625.223195426253,1000
33000,34000,1000,0.04141640663146973,24145.020810186918,1000
34000,35000,1000,0.043419837951660156,23030.94730830899,1000
35000,36000,1000,0.040583133697509766,24640.778296067398,998
36000,37000,1000,0.041498661041259766,24097.16301462731,999
37000,38000,1000,0.042969465255737305,23272.339882481538,999
38000,39000,1000,0.042783498764038086,23373.497467218735,999
39000,40000,1000,0.04143071174621582,24136.684064843215,999
40000,41000,1000,0.05695462226867676,17557.837453167842,999
41000,42000,1000,0.04416203498840332,22643.884057032104,999
42000,43000,1000,0.041074275970458984,24346.13821846086,1000
43000,44000,1000,0.04154610633850098,24069.644261062684,998
44000,45000,1000,0.04317522048950195,23161.433541333037,1000
45000,46000,1000,0.045636892318725586,21912.09675312802,999
46000,47000,1000,0.04237174987792969,23600.630204816567,998
47000,48000,1000,0.04319882392883301,23148.778347471423,1000
48000,49000,1000,0.04051399230957031,24682.830375217738,999
49000,50000,1000,0.04018592834472656,24884.332431534483,999
50000,51000,1000,0.04294443130493164,23285.906219118155,1000
51000,52000,1000,0.04075145721435547,24538.999789380076,999
52000,53000,1000,0.043770790100097656,22846.286249645946,1000
53000,54000,1000,0.04337120056152344,23056.774704252606,999
54000,55000,1000,0.03997302055358887,25016.873534972772,1000
55000,56000,1000,0.04224967956542969,23668.818563496006,1000
56000,57000,1000,0.041817665100097656,23913.338958699173,998
57000,58000,1000,0.041237592697143555,24249.71814781196,999
58000,59000,1000,0.04083061218261719,24491.42803755781,1000
59000,60000,1000,0.04221796989440918,23686.596075109417,1000
60000,61000,1000,0.041341543197631836,24188.74387972249,999
61000,62000,1000,0.04212236404418945,23740.357947405955,999
62000,63000,1000,0.041205406188964844,24268.660170805655,999
63000,64000,1000,0.05297660827636719,18876.255625562557,999
64000,65000,1000,0.047417402267456055,21089.30376150802,1000
65000,66000,1000,0.04109048843383789,24336.532324509997,998
66000,67000,1000,0.04119753837585449,24273.294944876878,999
67000,68000,1000,0.04021048545837402,24869.135216862825,998
68000,69000,1000,0.04939126968383789,20246.493082708217,1000
69000,70000,1000,0.03807997703552246,26260.520038317296,999
70000,71000,1000,0.071502685546875,13985.488689714042,1000
71000,72000,1000,0.041156768798828125,24297.339883214387,1000
72000,73000,1000,0.04198098182678223,23820.309970979266,999
73000,74000,1000,0.03998994827270508,25006.283908662732,998
74000,75000,1000,0.04371786117553711,22873.946096877284,1000
75000,76000,1000,0.0416412353515625,24014.657383657017,999
76000,77000,1000,0.04123353958129883,24252.10181212633,1000
77000,78000,1000,0.04509854316711426,22173.66526218961,997
78000,79000,1000,0.039894819259643555,25065.911277647298,999
79000,80000,1000,0.04391121864318848,22773.223583835115,998
80000,81000,1000,0.04107189178466797,24347.551489539554,1000
81000,82000,1000,0.041799068450927734,23923.978142575204,1000
82000,83000,1000,0.04216122627258301,23718.47520598065,999
83000,84000,1000,0.04136204719543457,24176.753033403464,999
84000,85000,1000,0.04169201850891113,23985.40621836918,998
85000,86000,1000,0.05518031120300293,18122.40594876492,998
86000,87000,1000,0.045783281326293945,21842.034276072885,1000
87000,88000,1000,0.04142284393310547,24141.268562219408,1000
88000,89000,1000,0.04218292236328125,23706.275999276542,1000
89000,90000,1000,0.041712045669555664,23973.89013049219,1000
90000,91000,1000,0.04381823539733887,22821.5488581891,999
91000,92000,1000,0.044725656509399414,22358.531501708487,999
92000,93000,1000,0.04102015495300293,24378.259934554288,999
93000,94000,1000,0.04097628593444824,24404.359184718414,998
94000,95000,1000,0.07354903221130371,13596.371970293723,999
95000,96000,1000,0.03990578651428223,25059.022446333725,999
96000,97000,1000,0.04147458076477051,24111.153905850297,1000
97000,98000,1000,0.04296612739562988,23274.147813975684,999
98000,99000,1000,0.04266524314880371,23438.281987806717,999
99000,100000,1000,0.04055666923522949,24656.85715461445,1000
100000,101000,1000,0.042681217193603516,23429.509881687874,999
101000,102000,1000,0.04186439514160156,23886.646316460887,1000
102000,103000,1000,0.042055368423461914,23778.17713854858,999
103000,104000,1000,0.04580545425415039,21831.461258991683,1000
104000,105000,1000,0.04122352600097656,24257.99287465877,999
105000,106000,1000,0.04238581657409668,23592.797799515127,1000
106000,107000,1000,0.04282093048095703,23353.06563328211,1000
107000,108000,1000,0.05084824562072754,19666.36189297286,1000
108000,109000,1000,0.04973602294921875,20106.151250191746,1000
109000,110000,1000,0.04285693168640137,23333.448304636866,998
110000,111000,1000,0.04076385498046875,24531.53658993075,1000
111000,112000,1000,0.04085707664489746,24475.564140120325,999
112000,113000,1000,0.04264020919799805,23452.04253939143,1000
113000,114000,1000,0.042105674743652344,23749.76784217798,999
114000,115000,1000,0.04332852363586426,23079.484738600033,1000
115000,116000,1000,0.04135608673095703,24180.237518736307,999
116000,117000,1000,0.04283928871154785,23343.057974966745,999
117000,118000,1000,0.041719675064086914,23969.505957653513,1000
118000,119000,1000,0.03949689865112305,25318.443577887505,999
119000,120000,1000,0.044239044189453125,22604.46667241528,998
120000,121000,1000,0.04216122627258301,23718.47520598065,998
121000,122000,1000,0.042734384536743164,23400.36040861187,1000
122000,123000,1000,0.04131364822387695,24205.076118696692,999
123000,124000,1000,0.04183363914489746,23904.207724705495,999
124000,125000,1000,0.04264235496520996,23450.862430460427,999
125000,126000,1000,0.041478872299194336,24108.659290127893,999
126000,127000,1000,0.04059433937072754,24633.976448477373,1000
127000,128000,1000,0.04042172431945801,24739.17223562442,999
128000,129000,1000,0.04138970375061035,24160.598153236446,999
129000,130000,1000,0.04102969169616699,24372.593569681158,1000
130000,131000,1000,0.05779242515563965,17303.30570670671,1000
131000,132000,1000,0.04249286651611328,23533.36176133941,998
132000,133000,1000,0.04702615737915039,21264.76105494773,1000
133000,134000,1000,0.040670156478881836,24588.05390924066,997
134000,135000,1000,0.04370856285095215,22878.81217714794,1000
135000,136000,1000,0.04695487022399902,21297.045337991196,1000
136000,137000,1000,0.044396162033081055,22524.46955335614,1000
137000,138000,1000,0.04503440856933594,22205.243318792087,998
138000,139000,1000,0.040903329849243164,24447.887340362904,997
139000,140000,1000,0.0407414436340332,24545.031074074508,998
140000,141000,1000,0.04026985168457031,24832.472884005114,999
141000,142000,1000,0.042285919189453125,23648.53405502932,1000
142000,143000,1000,0.0434720516204834,23003.285161927222,999
143000,144000,1000,0.04434776306152344,22549.051653692313,999
144000,145000,1000,0.041441917419433594,24130.15763433437,999
145000,146000,1000,0.04195451736450195,23835.335568562823,998
146000,147000,1000,0.043317317962646484,23085.455125876513,998
147000,148000,1000,0.04351043701171875,22982.991408030863,1000
148000,149000,1000,0.04866147041320801,20550.13939177172,997
149000,150000,1000,0.041381120681762695,24165.60942586351,1000
150000,151000,1000,0.04208183288574219,23763.22349635136,999
151000,152000,1000,0.040328264236450195,24796.504856664833,1000
152000,153000,1000,0.043805837631225586,22828.007728522058,1000
153000,154000,1000,0.058646440505981445,17051.333233054585,1000
154000,155000,1000,0.04110360145568848,24328.76839461488,999
155000,156000,1000,0.04614591598510742,21670.390080082667,1000
156000,157000,1000,0.041899919509887695,23866.394296151724,999
157000,158000,1000,0.04338860511779785,23047.525894991344,1000
158000,159000,1000,0.042215824127197266,23687.80002936758,1000
159000,160000,819,0.03437376022338867,23826.313870739523,819
